deposition_method,thickness_nm,substrate_temp_C,annealing_temp_C,o2_pressure_Pa,precursor_molarity_M,grain_size_nm,carrier_concentration_cm3,urbach_energy_meV,bandgap_eV,refractive_index_550nm,extinction_coefficient_550nm,avg_transmittance_pct
RF Sputtering,155.71326932824306,219.6279030953721,700.0,0.28187621346810177,,47.9,4.4619e+18,40.0,3.34,1.897,0.00338,96.2
RF Sputtering,88.17960142480233,370.9188393515762,700.0,0.0971917115465514,,61.2,5.8399e+18,40.0,3.357,1.956,0.00194,96.0
RF Sputtering,274.55178112930474,296.46672348235523,600.0,0.18203259928084561,,42.4,1.70307e+19,43.3,3.398,1.917,0.00432,94.2
RF Sputtering,384.4722502607021,210.21737542506472,700.0,0.18035592490119154,,48.4,3.2283e+18,40.0,3.283,1.892,0.00202,93.9
RF Sputtering,256.48551392684556,211.5611322805984,300.0,0.1378186552486249,,34.3,2.68733e+19,43.4,3.355,1.902,0.00423,87.4
RF Sputtering,283.8793812304686,268.27082435676266,600.0,0.08260678212708986,,47.9,1.23098e+19,40.0,3.34,1.87,0.00414,91.5
RF Sputtering,85.36794212805563,192.91418513714174,500.0,0.10583981157119676,,44.5,1.0643e+19,43.4,3.357,1.954,0.00327,94.4
RF Sputtering,284.6960750743461,231.48980160713833,300.0,0.196446588832637,,35.0,4.99614e+19,51.0,3.404,1.869,0.00765,90.1
RF Sputtering,475.55879398421376,389.19070136162304,500.0,0.09236626022441896,,53.6,2.19456e+19,40.0,3.361,1.875,0.00377,89.4
RF Sputtering,437.3339375382471,374.65514460198904,0.0,0.11039675704708928,,23.9,3.15934e+19,48.3,3.379,1.891,0.0058,86.1
RF Sputtering,386.5850774927438,340.2570363957418,600.0,0.11268976339052783,,50.1,1.34201e+19,40.0,3.37,1.909,0.00451,91.3
RF Sputtering,125.66915018496948,72.64309791677475,500.0,0.10419370241344847,,37.9,2.59268e+19,40.6,3.401,1.978,0.00489,95.8
RF Sputtering,455.4397515197341,233.69541470190404,0.0,0.25027375023979687,,12.7,1.72008e+19,54.3,3.345,1.91,0.00424,87.8
RF Sputtering,440.00478377058846,162.4102041405566,300.0,0.16827774716925495,,36.7,2.5338e+19,46.1,3.368,1.875,0.00532,92.2
RF Sputtering,149.3363793899954,366.92330660349023,300.0,0.015327269384663049,,34.4,2.13699e+19,40.0,3.371,1.905,0.00385,91.6
RF Sputtering,345.58028580586836,142.6296824137579,400.0,0.22505780286031307,,39.4,2.20333e+19,46.2,3.419,1.863,0.00691,92.3
RF Sputtering,88.60311737231773,374.037220922226,300.0,0.1556292370803453,,44.2,7.46624e+19,53.2,3.4,1.959,0.01099,91.8
RF Sputtering,129.0296528876068,114.3797879649893,300.0,0.2358790371644542,,33.4,1.49725e+19,40.4,3.366,1.92,0.00275,91.7
RF Sputtering,212.87427087726695,182.64654056711933,500.0,0.15342345429124724,,41.5,1.20633e+19,40.0,3.353,1.893,0.0045,91.9
RF Sputtering,146.32316880347352,384.98599275268066,0.0,0.10014294836597638,,22.7,2.24619e+19,63.0,3.354,1.907,0.00588,89.4
RF Sputtering,398.77142702741224,248.30750892364534,600.0,0.25339363907454604,,38.9,1.29885e+19,43.6,3.372,1.928,0.00288,93.4
RF Sputtering,423.67565030294026,374.55573312595817,400.0,0.060270056575649954,,45.2,2.70401e+19,40.0,3.373,1.89,0.00683,88.4
RF Sputtering,224.74228620287133,227.0688594569034,400.0,0.09070020523311662,,36.8,4.5698e+18,40.0,3.317,1.915,0.00339,92.6
RF Sputtering,213.8954946822221,110.51382482284646,500.0,0.15040288594173648,,45.2,3.41014e+19,40.0,3.385,1.89,0.00493,91.9
RF Sputtering,126.89771743775736,292.36109508738804,300.0,0.25936264393054326,,34.4,5.42186e+19,51.1,3.406,1.984,0.00823,94.1
RF Sputtering,115.26032019526397,220.59005927342616,600.0,0.04341148633764887,,49.1,2.661e+18,40.0,3.304,1.923,0.00538,91.9
RF Sputtering,379.344892989314,214.55243823233914,0.0,0.10821965640904573,,17.7,1.88927e+19,56.2,3.349,1.909,0.00399,90.1
RF Sputtering,331.80822642821533,76.18169247082892,500.0,0.16434965194095658,,38.8,1.93788e+19,54.0,3.387,1.924,0.00375,92.3
RF Sputtering,103.38294542573293,79.34479821419141,700.0,0.20672137208328792,,44.7,9.9052e+18,40.0,3.337,1.957,0.00639,96.1
RF Sputtering,281.5148582969607,373.6019178813417,0.0,0.040506280079349206,,24.3,9.18541e+19,57.5,3.435,1.913,0.01137,90.0
RF Sputtering,248.7041218648739,383.5218490181077,500.0,0.22903225348994405,,40.2,1.21044e+19,40.8,3.348,1.898,0.00263,90.8
RF Sputtering,436.1511789697293,387.22408626224376,700.0,0.17150711770803512,,54.0,1.97444e+19,40.0,3.348,1.922,0.00328,95.3
RF Sputtering,381.4966553227491,159.17096548593156,700.0,0.15997187578515604,,48.3,4.3374e+18,40.0,3.301,1.902,0.00206,92.7
RF Sputtering,332.8669015245063,42.201326946554985,400.0,0.12045243388493257,,36.5,2.39241e+19,42.7,3.336,1.936,0.00465,92.5
RF Sputtering,312.00120503230886,232.72272730809473,500.0,0.10124766483780294,,43.6,1.18201e+19,40.0,3.363,1.867,0.00287,89.2
RF Sputtering,478.62300705358774,301.11605191827675,700.0,0.26824634002877645,,49.0,6.9188e+18,45.4,3.348,1.916,0.00282,94.6
RF Sputtering,494.4027987505568,268.01742743972386,500.0,0.2981951761227642,,50.2,4.8539e+18,40.0,3.317,1.892,0.00517,91.3
RF Sputtering,221.98270085280168,44.84981841802648,600.0,0.0608123107789616,,41.9,1.00614e+19,40.0,3.323,1.893,0.00275,93.9
RF Sputtering,180.74736520203882,112.33106223598325,500.0,0.07133534165947589,,42.8,3.44146e+19,41.9,3.372,1.922,0.00572,92.2
RF Sputtering,414.5030166749374,289.7065969844916,0.0,0.20343988730967885,,18.3,2.99552e+19,53.2,3.38,1.886,0.0083,90.3
RF Sputtering,106.74830092535527,45.65681203966974,400.0,0.23172324054953936,,18.2,1.64356e+19,41.9,3.387,1.94,0.00445,88.8
RF Sputtering,233.13857005833725,342.4363664302595,600.0,0.24866008371934684,,47.7,1.22627e+19,40.0,3.337,1.913,0.0025,93.4
RF Sputtering,109.40957710229102,395.90543559225847,400.0,0.09770920608499624,,39.6,1.08694e+19,46.8,3.315,1.934,0.00386,91.7
RF Sputtering,214.1344369613822,117.92486593120083,400.0,0.07063908863497681,,35.1,2.28579e+19,40.0,3.373,1.893,0.00496,92.2
RF Sputtering,109.56068994492189,45.29323917820519,400.0,0.03104508080710114,,25.2,2.85978e+19,44.6,3.371,1.974,0.00624,94.8
RF Sputtering,201.91074019683106,392.38499061962705,300.0,0.11913635740954277,,35.5,2.04118e+19,40.0,3.348,1.883,0.00392,90.8
RF Sputtering,411.84247184219157,312.7061067303153,500.0,0.17312057337798806,,39.8,5.07e+18,43.2,3.288,1.928,0.00189,91.9
RF Sputtering,460.26813473603016,195.32417504766363,400.0,0.2630398912189272,,37.3,4.27941e+19,40.0,3.399,1.875,0.00564,88.9
RF Sputtering,412.900981733569,204.34624008731382,600.0,0.019582880944347757,,42.3,1.3557e+19,40.5,3.38,1.903,0.00275,93.6
RF Sputtering,315.96385826084895,368.31362653699745,0.0,0.036000041059974446,,30.4,4.61064e+19,66.6,3.35,1.901,0.00891,88.4
RF Sputtering,338.72772173051357,158.43627994847574,600.0,0.19941208621059336,,47.7,1.03506e+19,43.4,3.314,1.873,0.00296,94.5
RF Sputtering,231.82308772534475,44.94243579212336,0.0,0.20468310705986292,,16.9,3.12855e+19,59.6,3.367,1.914,0.00795,92.2
RF Sputtering,150.90326540589018,255.2388734587614,600.0,0.04599813267131113,,47.0,4.8814e+18,40.0,3.32,1.902,0.00552,90.1
RF Sputtering,263.2211921393676,142.20428473045138,400.0,0.0379460540418898,,35.9,1.9508e+19,54.6,3.373,1.926,0.00424,89.0
RF Sputtering,387.78664126623397,280.5846411243358,600.0,0.01811313077011965,,52.3,1.40054e+19,40.0,3.354,1.93,0.00582,90.9
RF Sputtering,106.4128020214942,380.4812611570577,400.0,0.1981328816005686,,39.8,3.21143e+19,48.4,3.346,1.942,0.00726,92.4
RF Sputtering,88.70785113009195,160.21745439878592,300.0,0.09115846663319015,,36.1,6.15332e+19,44.9,3.409,1.964,0.00757,90.8
RF Sputtering,403.630187894308,117.6243072701409,700.0,0.07988795604298453,,47.3,6.6839e+18,40.0,3.338,1.896,0.00639,93.1
RF Sputtering,205.97984396083282,44.85695054066775,500.0,0.20271920790602196,,41.2,3.72119e+19,50.9,3.372,1.868,0.00722,91.9
RF Sputtering,374.4889955182771,336.87247732392944,300.0,0.0450901353621074,,46.4,2.51451e+19,40.0,3.376,1.88,0.00507,88.9
RF Sputtering,388.5604427798907,54.39242789337246,500.0,0.16555984407709307,,42.7,2.08962e+19,40.0,3.336,1.898,0.00692,91.3
RF Sputtering,471.8199434186853,382.0658051103409,300.0,0.036368204082760563,,34.5,1.37994e+19,43.5,3.344,1.899,0.00522,88.8
RF Sputtering,248.13794182715952,289.8053604354002,400.0,0.02906732854488539,,45.1,2.41029e+19,48.6,3.341,1.925,0.00561,89.9
RF Sputtering,230.54392990622563,366.8248175384062,500.0,0.20387462016821353,,46.0,8.4007e+18,40.0,3.338,1.89,0.00239,92.9
RF Sputtering,418.75805218964285,330.41532659314396,500.0,0.2395681988431855,,44.3,2.11282e+19,47.2,3.379,1.886,0.00489,90.9
RF Sputtering,401.086260548678,96.52060481983226,0.0,0.14410405273494453,,14.4,2.22751e+19,54.2,3.326,1.914,0.00481,90.3
RF Sputtering,354.0981907645453,90.96380564723405,300.0,0.12662235688938453,,23.9,2.48489e+19,52.1,3.37,1.913,0.00441,88.7
RF Sputtering,420.60596106112826,385.5204144089028,400.0,0.21344915157333275,,44.5,1.39789e+19,57.0,3.366,1.893,0.00567,88.0
RF Sputtering,349.73024067124317,134.13924092624814,500.0,0.03205199959874898,,36.3,2.01854e+19,43.8,3.368,1.902,0.0039,93.1
RF Sputtering,482.1265021869012,321.48007223987804,600.0,0.09070203380302765,,54.8,1.41712e+19,41.3,3.385,1.885,0.00377,91.4
RF Sputtering,220.22725700945878,89.04630543556189,500.0,0.27252754853412414,,38.9,1.57264e+19,48.1,3.355,1.895,0.00436,92.4
RF Sputtering,390.06610159644265,137.1588363594945,600.0,0.285197184002938,,33.3,8.7953e+18,40.0,3.383,1.854,0.00411,92.0
RF Sputtering,478.9299884096161,277.5588038950733,400.0,0.021134866752100398,,35.8,3.37293e+19,45.2,3.381,1.861,0.00868,87.5
RF Sputtering,220.4329447477208,118.15738084117964,300.0,0.010888595531460219,,25.5,3.63117e+19,47.5,3.358,1.916,0.00834,89.1
RF Sputtering,336.88543862862207,306.9501884360704,300.0,0.23268639545988923,,33.4,1.43225e+19,46.8,3.35,1.886,0.00536,91.4
RF Sputtering,233.5814703824043,354.72102364464956,0.0,0.14104470009735365,,21.7,6.99913e+19,56.0,3.391,1.874,0.01139,89.0
RF Sputtering,273.8469223826662,145.13966863344314,400.0,0.2311048322882494,,35.9,1.25468e+19,40.0,3.374,1.908,0.00352,92.0
RF Sputtering,111.5008371056606,137.0154536372094,500.0,0.19646508728183507,,38.6,1.57423e+19,40.0,3.392,1.991,0.00323,95.0
RF Sputtering,88.12421216526191,35.39974778438313,600.0,0.13991025316581468,,35.8,1.19452e+19,41.9,3.387,1.985,0.00345,96.5
RF Sputtering,399.0527763719129,183.49749049238156,300.0,0.21589448000454145,,33.6,2.15801e+19,40.0,3.381,1.906,0.00446,90.8
RF Sputtering,270.15884908663895,49.54246851632308,600.0,0.18531289938962237,,44.4,1.91179e+19,40.0,3.36,1.899,0.00459,94.0
RF Sputtering,341.59028321425563,240.49597892522854,600.0,0.014557656841514863,,47.4,4.6623e+18,41.9,3.313,1.939,0.00187,94.7
RF Sputtering,390.77963747511575,282.9760925767891,500.0,0.14517494995802688,,49.1,3.13158e+19,40.0,3.355,1.935,0.00666,91.3
RF Sputtering,255.83864067637313,238.1146865979653,700.0,0.2657813483456885,,53.5,3.309e+18,40.0,3.331,1.906,0.00339,93.5
RF Sputtering,234.39940252841296,251.3974552722857,500.0,0.23628248881695282,,41.0,3.01029e+19,44.8,3.352,1.893,0.00517,90.9
RF Sputtering,150.992100448116,249.86878909231896,400.0,0.19992915497802807,,37.1,2.57842e+19,40.0,3.368,1.931,0.00535,94.4
RF Sputtering,413.426410786619,363.49278588213434,500.0,0.19025782979172107,,47.2,6.2509e+18,40.0,3.336,1.912,0.00638,92.0
RF Sputtering,429.8757116054595,224.13602721772727,0.0,0.24681758407525278,,22.0,5.35832e+19,61.1,3.401,1.894,0.00825,88.4
RF Sputtering,388.36945466824824,348.02225778000417,0.0,0.09448931326845002,,24.8,3.90322e+19,58.1,3.357,1.889,0.00811,87.6
RF Sputtering,447.6237236099468,156.98934771399772,400.0,0.12429049112477468,,39.4,9.7551e+18,40.0,3.318,1.89,0.00351,93.0
RF Sputtering,352.18370562984165,77.73470697005524,400.0,0.1928903170695777,,37.3,3.78997e+19,42.3,3.36,1.87,0.0067,88.8
RF Sputtering,372.34779340367606,108.2039091383359,0.0,0.2480771768145558,,11.7,8.62094e+19,50.8,3.429,1.889,0.01288,88.9
RF Sputtering,161.067593711971,322.48077334293816,400.0,0.10320271639027344,,36.5,2.47542e+19,40.0,3.349,1.929,0.00427,94.7
RF Sputtering,402.4055386745094,111.13139643725732,500.0,0.05885865291961732,,37.9,4.37962e+19,41.5,3.37,1.871,0.0061,91.3
RF Sputtering,220.3148156069824,314.7016552818796,500.0,0.08895432100213896,,47.3,1.72864e+19,42.0,3.372,1.88,0.00363,91.5
RF Sputtering,263.9428665463669,363.5638122027825,400.0,0.13730314256492018,,46.4,1.62198e+19,44.8,3.377,1.917,0.00503,90.4
RF Sputtering,213.92550069860152,229.14519672945573,600.0,0.03855426358125491,,49.6,2.83923e+19,47.3,3.414,1.878,0.00554,94.2
RF Sputtering,318.68166094945184,78.70849786140789,0.0,0.19221729794605688,,17.2,2.99597e+19,56.4,3.377,1.905,0.00608,89.3
RF Sputtering,356.65078760189715,258.8112262964819,600.0,0.26997920795401636,,44.3,1.89014e+19,42.9,3.381,1.874,0.00361,93.7
RF Sputtering,321.73458724319846,167.31144564495077,500.0,0.10923736553679755,,41.8,3.05695e+19,42.3,3.342,1.859,0.00818,90.4
RF Sputtering,213.63862147456,365.6679785727022,400.0,0.2873498930744167,,40.2,2.05928e+19,40.0,3.379,1.904,0.00475,90.7
RF Sputtering,171.56141761361837,108.8644301694223,500.0,0.13169215106803722,,39.9,1.69364e+19,41.7,3.378,1.926,0.0065,96.9
RF Sputtering,434.8741829663138,112.8581919767215,700.0,0.16536570021786123,,51.0,1.32906e+19,40.0,3.372,1.901,0.00329,91.3
RF Sputtering,206.90916887079652,205.88541084338794,500.0,0.2932519563713829,,39.0,1.70327e+19,44.0,3.351,1.896,0.00517,93.9
RF Sputtering,264.0526817684844,210.08288588164825,500.0,0.2159097130674747,,40.8,1.0168e+19,41.7,3.375,1.925,0.00318,94.6
RF Sputtering,118.39412650877307,95.41214286953966,600.0,0.1565976898427164,,52.2,1.547e+18,40.0,3.34,1.941,0.00622,93.6
RF Sputtering,206.41125133319224,165.37583813869585,700.0,0.22882182482080446,,46.2,7.3228e+18,40.0,3.338,1.882,0.00249,94.8
RF Sputtering,115.99181852562243,275.5641333503921,600.0,0.1472591249947632,,46.6,5.393e+18,40.0,3.333,1.954,0.00222,95.1
RF Sputtering,224.3595889233278,201.4450184557009,300.0,0.219256454625562,,28.1,4.214e+19,50.1,3.383,1.916,0.00725,94.0
RF Sputtering,377.906427464003,47.394897898541956,0.0,0.07448123255251862,,7.8,3.90492e+19,62.7,3.372,1.903,0.00804,88.6
RF Sputtering,489.06666742140885,180.74031835481924,300.0,0.03229970933562259,,35.8,2.98811e+19,51.4,3.378,1.916,0.00623,90.8
RF Sputtering,342.59443282995454,180.92858345383164,400.0,0.18375559554949145,,33.6,3.01909e+19,46.6,3.352,1.928,0.00565,94.1
RF Sputtering,193.10748687498864,192.85179142313987,300.0,0.1618683714211959,,29.7,4.45217e+19,52.1,3.364,1.885,0.00775,89.9
RF Sputtering,355.81769859923816,33.93992650332208,400.0,0.14359897930109483,,27.9,1.17785e+19,52.0,3.344,1.895,0.00491,89.7
RF Sputtering,343.3390840603505,127.74714692790593,700.0,0.04406845442620404,,36.6,3.95919e+19,40.0,3.376,1.89,0.00511,93.3
RF Sputtering,426.7739362103451,381.4042245934356,300.0,0.28101774928676265,,41.8,3.82628e+19,42.9,3.405,1.906,0.00537,90.6
RF Sputtering,304.1514723964684,356.12753810904854,400.0,0.042404148540904386,,40.2,3.02249e+19,40.0,3.374,1.863,0.00817,93.0
RF Sputtering,462.67109921630527,377.76587213889485,600.0,0.2905648370473219,,52.0,6.8514e+18,40.0,3.315,1.919,0.00369,93.7
RF Sputtering,254.51154107443293,309.58378885852653,0.0,0.10225454113341292,,28.3,1.537296e+20,62.1,3.393,1.867,0.01996,87.0
RF Sputtering,200.13876118797967,187.74702347024382,400.0,0.09173068762516039,,35.9,2.99748e+19,41.8,3.372,1.903,0.00764,93.3
PLD,242.8124607610249,398.2025700477779,0.0,1.2033402520386702,,26.4,6.36406e+19,65.8,3.364,1.95,0.00957,88.9
PLD,319.2770350662691,502.27384421261667,400.0,32.41914266202346,,48.2,4.0636e+18,40.0,3.286,1.952,0.00165,96.8
PLD,351.64484717875285,334.9839367040586,500.0,21.017631281704762,,51.3,1.36967e+19,40.0,3.393,1.966,0.00586,94.0
PLD,139.5930411569526,440.43688622315585,400.0,28.71159758556134,,39.9,1.21898e+19,41.4,3.314,1.971,0.00625,92.8
PLD,383.3225871907335,295.2928548908656,0.0,43.57030774167046,,20.0,1.01885e+19,46.8,3.379,1.967,0.00488,94.0
PLD,202.19829330220435,377.26733201866506,300.0,15.044316510386848,,29.9,2.60231e+19,53.1,3.437,1.945,0.00547,92.3
PLD,95.8397390852806,555.6820562931754,500.0,12.985505638605066,,54.0,2.8502e+18,40.0,3.322,1.994,0.00251,95.9
PLD,105.64254099110511,494.7571819625984,500.0,41.2441559505477,,54.4,5.8994e+18,40.0,3.326,2.035,0.00285,93.2
PLD,203.07863405862446,345.15906721894777,500.0,2.216651654752459,,44.8,1.38101e+19,40.0,3.369,1.932,0.00555,91.6
PLD,334.1425600874889,311.29035928716485,700.0,46.372965407899535,,62.5,3.281e+18,40.0,3.3,1.972,0.00154,96.7
PLD,74.14449608904297,441.19731179878727,700.0,18.00309321587011,,62.9,2.0057e+18,40.0,3.319,2.027,0.00133,95.2
PLD,126.12686763344642,390.00651994768214,300.0,2.637688468257056,,47.1,1.08611e+19,40.0,3.366,1.993,0.00316,92.0
PLD,330.6087712002898,595.0182427844618,600.0,11.626586328670905,,60.5,7.5549e+18,40.0,3.313,1.987,0.00357,92.2
PLD,338.17785742591514,318.4323342703516,500.0,4.963323831292597,,53.0,1.32967e+19,40.0,3.385,1.961,0.00294,94.3
PLD,120.00881036568725,568.3225164900423,500.0,42.394213853040306,,52.4,3.3589e+18,40.0,3.323,2.002,0.0027,93.6
PLD,69.67983634342148,293.8135953050485,0.0,3.7213621012960014,,24.0,2.03596e+19,51.6,3.379,2.051,0.00585,90.2
PLD,278.9116329754564,520.5432431139722,400.0,3.618083532386379,,48.8,7.1831e+18,42.0,3.364,1.947,0.00259,89.1
PLD,327.8798137358487,546.1536508031029,700.0,31.13364577993221,,61.0,5.3738e+18,40.0,3.302,1.992,0.00277,92.6
PLD,67.41894094164674,275.56479506023436,700.0,11.288647329560678,,60.0,3.1902e+18,40.7,3.3,2.027,0.00186,95.9
PLD,232.91334027229965,377.53421130323954,400.0,17.393608921600432,,48.7,4.1866e+18,40.2,3.331,1.969,0.00458,92.0
PLD,99.63943096212151,484.3990515243514,300.0,39.52964778219549,,39.8,1.8015e+18,46.3,3.319,2.008,0.00275,92.4
PLD,260.30211279726586,364.80482695098203,700.0,21.84504370670659,,59.2,9.748e+17,40.0,3.296,1.974,0.00151,97.0
PLD,89.3545506241644,242.97528915308817,500.0,36.739646722342975,,43.6,1.8829e+18,40.6,3.311,2.008,0.00435,95.0
PLD,96.12470694756507,507.0205708199537,700.0,14.80958492433918,,62.1,9.432e+17,40.0,3.3,2.021,0.00519,93.9
PLD,239.1926135894101,394.65142015534843,0.0,7.423096055708503,,28.5,1.42908e+19,49.2,3.337,1.972,0.00452,91.7
PLD,381.44840384511144,273.798415412413,500.0,4.33334798447992,,42.3,6.1461e+18,40.0,3.306,1.934,0.00271,91.2
PLD,60.01189293579614,220.52270910711877,300.0,42.08272672523754,,34.2,2.9488e+18,48.2,3.31,2.04,0.00508,94.0
PLD,84.79012929562295,408.272351156141,0.0,6.982823953453616,,27.8,1.43345e+19,56.2,3.363,2.033,0.00372,94.1
PLD,120.68581252632046,316.92291325224664,400.0,4.848351590577083,,38.9,8.2656e+18,40.0,3.352,1.994,0.00334,93.4
PLD,335.1425745583826,525.317566473314,700.0,8.695792324354665,,60.1,1.3029e+18,40.0,3.278,1.954,0.00259,95.7
PLD,134.0999412974674,263.0175504771337,400.0,26.55473961390312,,43.0,7.3654e+18,43.7,3.375,2.008,0.00301,92.9
PLD,145.2077056422136,206.55583087783663,300.0,34.73020111472262,,33.1,1.1228e+18,42.5,3.351,2.007,0.00224,91.3
PLD,200.27878191911879,563.0693498645328,500.0,25.210695306379844,,64.0,1.18546e+19,40.0,3.355,1.925,0.00443,92.9
PLD,349.8826613504379,367.0900134203371,600.0,31.42040606355545,,60.7,1.2221e+18,40.0,3.286,1.943,0.00312,92.8
PLD,148.09377253663553,541.4639752002615,600.0,25.362761167407314,,55.3,3.2082e+18,40.0,3.316,1.937,0.0028,95.7
PLD,215.10207804529185,428.11787950617475,300.0,37.474082407956885,,42.0,4.3164e+18,42.2,3.341,1.956,0.0066,92.1
PLD,216.23781935344684,552.3558859927762,600.0,30.57321392994053,,50.4,3.7298e+18,40.0,3.32,1.97,0.00263,93.0
PLD,224.85535602161073,575.3370295251225,600.0,9.620204692003886,,56.6,2.8076e+18,40.0,3.354,1.938,0.00301,93.2
PLD,206.04991773512847,233.73595604090758,400.0,17.46311887632172,,34.7,7.8433e+18,40.0,3.334,1.933,0.00325,93.1
PLD,331.7817350059235,311.6177460796204,600.0,49.67131083821938,,46.9,1.023e+18,40.0,3.32,1.966,0.00136,94.3
PLD,119.9636167020058,273.26152511119824,0.0,22.98450766789003,,13.0,1.97798e+19,57.9,3.377,1.991,0.00624,89.3
PLD,226.53813558277452,582.6482373910994,300.0,34.1961084730453,,47.0,4.5839e+18,40.4,3.372,1.995,0.00173,91.9
PLD,95.8590155249097,477.8924092105634,400.0,9.449072252256897,,47.3,8.4775e+18,40.0,3.354,2.047,0.00314,93.6
PLD,354.9696953637026,570.2700275057983,700.0,34.114970800139176,,60.2,4.1377e+18,40.0,3.333,1.919,0.0041,91.8
PLD,198.73558653616317,594.1033038057801,500.0,35.20190418164502,,55.0,1.7281e+18,40.0,3.29,1.974,0.00139,95.6
PLD,399.31287174588005,516.7130714969477,500.0,8.84920734516334,,56.3,3.899e+18,40.0,3.317,1.971,0.00547,91.8
PLD,282.1479604042716,549.6638912527385,600.0,47.12702038453814,,64.7,1.596e+18,40.0,3.279,1.974,0.00286,91.8
PLD,121.4269250681266,576.3194249411192,600.0,20.320807831107928,,53.8,3.2179e+18,40.0,3.386,2.0,0.00375,93.0
PLD,373.69506964554165,443.74399488866857,0.0,17.96045379380751,,33.9,1.43391e+19,43.3,3.357,1.926,0.00376,91.9
PLD,152.75832299067966,527.8707736916235,600.0,34.21882553890729,,50.5,4.3878e+18,40.0,3.323,1.988,0.00209,93.7
PLD,273.44014709213576,589.7978022301545,600.0,46.09085715554133,,56.3,2.8977e+18,40.0,3.317,1.947,0.00144,92.4
PLD,317.8161643209401,388.5889919738006,300.0,42.07344459662004,,37.5,4.7134e+18,40.0,3.335,1.992,0.00226,93.2
PLD,86.15278197730706,286.69011846087557,500.0,28.53991365998045,,50.8,5.1686e+18,40.0,3.345,2.036,0.00548,95.3
PLD,114.44503576176945,466.1589852597378,400.0,3.6625190289526364,,48.7,1.67603e+19,40.0,3.328,2.033,0.00361,91.0
PLD,199.33752938186564,222.16892446109307,0.0,24.80753476591476,,22.1,2.11945e+19,64.5,3.381,1.933,0.00599,90.4
PLD,175.5008280890109,323.76493546863435,600.0,31.41779155559298,,56.6,9.8995e+18,40.0,3.348,1.97,0.0044,96.3
PLD,160.5593453803835,350.7005967924191,400.0,41.994238777693404,,43.2,2.8695e+18,40.0,3.316,1.976,0.00345,96.5
PLD,144.57167997747274,521.9614362912573,500.0,10.906147567156264,,50.9,5.984e+18,40.0,3.371,1.969,0.00477,95.0
PLD,176.19742442925667,209.5841796779532,600.0,23.819898601912875,,52.2,1.4855e+18,40.0,3.312,1.962,0.00245,95.2
PLD,393.551420991772,328.69226579466954,700.0,32.41532706516682,,54.1,1.5807e+18,40.0,3.29,1.928,0.00156,91.7
PLD,210.45819932085135,322.66477044744806,500.0,34.722158277409484,,40.6,5.2022e+18,42.5,3.313,1.959,0.00571,93.9
PLD,210.25617501501304,465.0198962364496,400.0,3.2711337697659872,,39.3,2.03659e+19,49.5,3.383,1.934,0.00392,91.8
PLD,137.67707176801372,550.1274943468468,0.0,43.91983700134984,,31.9,7.2446e+18,65.0,3.326,1.996,0.00517,90.2
PLD,116.38769957087976,392.18971212063275,0.0,6.5687215304531925,,33.3,2.40468e+19,46.6,3.377,2.01,0.00786,91.8
PLD,140.10249792467806,537.585192749326,600.0,42.851467586385574,,60.8,2.7192e+18,40.0,3.291,1.988,0.0024,93.3
PLD,359.97686599282997,368.8654161643145,300.0,43.3241715447543,,38.6,6.8903e+18,47.5,3.34,1.94,0.00252,91.0
PLD,360.1844937242395,400.959286798825,500.0,31.01960339513397,,53.4,4.1428e+18,40.0,3.31,1.973,0.0053,94.8
PLD,109.7618910757538,328.43901092308556,300.0,27.5119502020667,,30.9,4.6388e+18,40.0,3.313,2.026,0.00319,94.3
PLD,188.8170402041746,278.44974123286386,600.0,18.13077912733106,,50.5,9.719e+17,45.0,3.328,1.952,0.00149,91.7
PLD,253.15247740432446,556.2015188727066,300.0,20.04444450018468,,42.8,2.759e+18,48.5,3.322,1.976,0.00277,91.0
PLD,243.72098093855524,440.9430789096979,600.0,46.156595985871434,,60.0,3.1728e+18,40.0,3.313,1.904,0.00411,91.6
PLD,120.49501164642095,307.28860520880676,400.0,33.23134695814963,,37.3,4.3549e+18,49.7,3.348,2.005,0.00238,93.8
PLD,71.60521135279808,415.4915742813014,600.0,23.776800787969243,,56.8,1.08042e+19,40.0,3.393,2.038,0.00318,93.0
PLD,328.8215793582867,361.94008558036853,400.0,18.577996632578134,,43.5,5.6519e+18,41.5,3.301,1.956,0.00441,91.7
PLD,95.44137980856874,214.7377404611416,700.0,49.761206618165595,,51.1,3.5069e+18,40.0,3.343,1.984,0.00256,95.0
PLD,189.12709452966917,478.70288299220147,500.0,46.8531222046482,,54.0,1.5893e+18,40.0,3.312,1.963,0.00233,94.4
PLD,316.80097897812476,547.1663975935336,400.0,46.277957204138026,,48.6,1.7603e+18,40.0,3.306,1.976,0.00272,92.6
PLD,289.8555190423152,443.4938480253399,400.0,46.35693860054028,,51.3,4.4181e+18,44.2,3.354,1.96,0.00405,92.5
PLD,192.9219282052567,259.0801321840526,400.0,18.48082974397199,,38.2,1.478e+19,40.0,3.375,1.931,0.00551,92.5
PLD,329.7567688956645,367.79651270825315,500.0,41.86072435263904,,38.6,4.3398e+18,40.0,3.316,1.958,0.00214,91.6
PLD,397.6393146091672,281.44364455044143,300.0,34.73024948924566,,41.2,4.5705e+18,40.0,3.352,1.989,0.00349,92.7
PLD,217.98391146100755,268.13113476637716,300.0,45.73375656083386,,40.3,6.341e+18,47.8,3.331,1.981,0.00382,92.2
PLD,359.73841408106387,317.7091736159277,700.0,37.04272650439365,,56.7,3.2188e+18,40.0,3.318,1.987,0.00149,92.5
PLD,232.31183699937367,558.3846133397843,300.0,41.81986089992676,,50.7,6.5213e+18,40.0,3.309,1.957,0.00263,90.6
PLD,185.89485263000986,537.2046650540819,600.0,40.21061121136009,,60.6,2.6965e+18,40.0,3.317,1.981,0.00241,94.2
PLD,396.33403038789567,517.4535202059553,0.0,29.351875548528405,,26.7,6.1156e+18,56.1,3.345,1.956,0.00342,91.2
PLD,320.19766518938565,571.2277943846212,500.0,35.13081429492776,,46.2,1.8405e+18,40.0,3.301,1.957,0.00194,93.3
PLD,97.40605630010685,243.14308399906855,0.0,4.705006202221044,,16.3,1.5873e+19,51.0,3.364,1.995,0.00734,88.9
PLD,239.38562255820202,287.5950543734145,400.0,19.84735357205719,,38.9,5.0503e+18,48.8,3.355,1.956,0.0022,92.0
PLD,182.72179321005046,217.3545334372098,400.0,40.430518096953385,,39.7,1.9845e+18,41.0,3.307,1.99,0.00344,91.4
ALD,126.45676008333187,127.52006399147753,700.0,,,42.2,1.15595e+19,40.0,3.34,2.044,0.00242,94.3
ALD,10.766315242391785,181.98889037819728,0.0,,,14.7,2.98201e+19,54.8,3.45,2.067,0.00698,92.4
ALD,62.599903760770786,263.3089011036448,600.0,,,54.3,4.0143e+18,40.0,3.317,2.093,0.00394,94.6
ALD,154.6649357088596,155.9386472392464,500.0,,,37.1,1.09568e+19,40.0,3.302,2.005,0.00338,93.4
ALD,154.180574580202,181.70229996900315,400.0,,,33.4,3.58384e+19,45.0,3.36,2.034,0.00635,91.5
ALD,160.03889539090468,154.67693405948785,400.0,,,31.5,1.01351e+19,45.3,3.343,2.005,0.00354,92.3
ALD,119.60459625334518,173.8860747500176,700.0,,,56.1,5.0246e+18,40.0,3.306,2.079,0.00562,94.2
ALD,153.30831132411785,167.11307844876214,0.0,,,21.0,3.76785e+19,55.3,3.364,2.02,0.00852,87.1
ALD,92.61381583089592,195.68144484374938,500.0,,,44.9,3.1392e+18,40.0,3.312,2.085,0.00246,93.4
ALD,69.91091997784024,265.8234313083409,500.0,,,50.4,4.8925e+18,40.2,3.33,2.048,0.00485,90.7
ALD,164.22833405638613,263.29637134228597,700.0,,,56.6,2.8262e+18,40.0,3.312,2.017,0.00156,96.1
ALD,85.41896048348599,134.5256187535933,300.0,,,35.6,1.67144e+19,53.1,3.365,2.067,0.00475,90.8
ALD,35.178728196205626,147.40439968160857,0.0,,,18.6,7.8816e+18,54.0,3.379,2.066,0.00281,93.2
ALD,191.49119126769847,168.78099983923994,600.0,,,48.4,6.6938e+18,40.0,3.403,1.987,0.00499,91.0
ALD,34.42847920719069,236.07895161994736,400.0,,,40.8,6.487e+18,41.4,3.376,2.084,0.0029,96.4
ALD,155.7028312718609,247.1296975354669,400.0,,,41.4,7.2618e+18,41.6,3.353,2.025,0.00511,93.8
ALD,49.663260144886046,247.1332424326096,0.0,,,15.9,1.52431e+19,56.3,3.355,2.088,0.00488,91.6
ALD,173.0973582736869,143.2282291263246,300.0,,,29.6,2.54837e+19,50.4,3.377,1.978,0.00419,91.6
ALD,128.58578756919394,144.61466495129105,300.0,,,29.1,6.6182e+18,41.7,3.316,2.065,0.00293,92.5
ALD,189.33546201586213,297.51089968413277,500.0,,,42.3,3.4784e+18,40.0,3.321,2.017,0.00281,93.0
ALD,124.66352318125593,217.60837303900752,0.0,,,19.4,2.49231e+19,42.3,3.353,2.03,0.00588,92.4
ALD,170.00902240200904,252.37017218600738,300.0,,,41.6,7.5277e+18,53.8,3.362,2.033,0.0055,92.6
ALD,104.20121407662833,140.81773403285243,400.0,,,38.7,1.1582e+19,42.0,3.396,2.047,0.00273,94.9
ALD,179.13796527605547,223.78715199181516,400.0,,,38.2,8.3433e+18,40.0,3.362,1.997,0.00403,92.1
ALD,87.67439892558963,158.78533510623134,0.0,,,18.9,2.12846e+19,59.2,3.427,2.033,0.0049,90.6
ALD,186.3846551087191,197.0354549683385,700.0,,,56.0,4.5504e+18,40.0,3.305,1.955,0.00276,91.9
ALD,132.8048102750251,188.74031674415352,600.0,,,40.7,2.1239e+18,40.0,3.331,2.044,0.00342,91.2
ALD,184.88228987997857,271.8496491685291,600.0,,,50.0,1.714e+18,40.0,3.306,2.031,0.0044,93.8
ALD,18.148618691899443,171.96458164408176,600.0,,,51.7,1.7549e+19,40.0,3.403,2.115,0.00731,92.9
ALD,79.33875768485596,247.7675371686589,400.0,,,45.9,4.2748e+18,40.0,3.308,2.084,0.00231,94.0
ALD,181.32187003763852,161.67956217515325,500.0,,,43.7,9.3043e+18,42.3,3.344,2.047,0.0027,93.2
ALD,60.88656526552222,221.07630621069686,600.0,,,48.9,2.8825e+18,40.0,3.322,2.053,0.00323,94.0
ALD,113.27968464948026,271.24876465669314,600.0,,,41.1,5.3516e+18,40.0,3.319,2.065,0.00198,94.3
ALD,89.70622632709433,146.66486304035703,600.0,,,41.2,4.8325e+18,40.0,3.355,2.103,0.00181,91.6
ALD,11.899576714441292,183.56934296390733,600.0,,,45.2,1.28897e+19,42.5,3.425,2.103,0.004,94.1
ALD,17.85119707143264,295.39081814317535,600.0,,,50.8,4.8688e+18,40.0,3.39,2.143,0.00321,95.1
ALD,103.14810135113933,265.41231592499753,700.0,,,54.4,1.8152e+18,40.0,3.301,2.053,0.00281,94.6
ALD,81.88420413647623,276.6799351181796,600.0,,,39.4,2.4864e+18,42.9,3.305,2.06,0.0019,95.0
ALD,178.66065842290575,220.23540050561377,400.0,,,35.5,1.03025e+19,40.0,3.324,1.974,0.00222,90.0
ALD,72.17309408896392,174.74278926634446,500.0,,,41.6,1.14439e+19,40.2,3.373,2.085,0.00357,95.0
ALD,39.97851411692821,128.4264359704747,0.0,,,13.3,6.73946e+19,48.2,3.44,2.106,0.00841,91.6
ALD,32.75275648561502,273.0789953256209,400.0,,,38.6,2.93544e+19,43.8,3.397,2.108,0.00436,94.3
ALD,88.12731504907944,122.96133313276844,500.0,,,40.8,3.0517e+18,40.0,3.307,2.073,0.00645,93.5
ALD,197.11265462461665,286.6689640542143,300.0,,,36.7,9.9155e+18,40.0,3.349,2.015,0.00405,93.0
ALD,180.5167951356452,285.84284289228094,500.0,,,45.1,3.3843e+18,40.0,3.331,2.008,0.00226,94.9
ALD,111.69607499743968,289.89257493665093,400.0,,,43.0,9.9644e+18,47.3,3.36,2.017,0.00269,92.7
ALD,108.70415093851354,255.9048032159116,300.0,,,38.9,1.6783e+19,48.0,3.359,2.059,0.0046,92.3
ALD,127.99762168151788,232.3376049960458,400.0,,,36.9,2.9953e+18,40.0,3.342,2.054,0.00364,93.9
ALD,151.19626766764455,177.68548278633338,500.0,,,36.4,1.15079e+19,40.0,3.378,2.081,0.00456,91.3
ALD,20.65278885412385,266.3735977893374,400.0,,,36.4,1.31014e+19,42.4,3.369,2.097,0.00393,94.5
ALD,188.24763542872245,216.16999706068944,400.0,,,35.5,7.4746e+18,55.9,3.346,2.009,0.00425,91.1
ALD,176.2649592734887,202.38475180597337,600.0,,,45.8,3.9296e+18,42.1,3.326,1.98,0.00271,93.1
ALD,98.71822085884192,127.0205431083158,500.0,,,32.8,1.85098e+19,40.0,3.341,2.025,0.00481,92.5
ALD,74.1411070593081,123.81059290623577,500.0,,,35.7,6.4516e+18,40.0,3.329,2.053,0.0072,93.5
ALD,110.7840219645786,234.89133928838461,0.0,,,19.1,1.10573e+19,45.9,3.357,2.081,0.00442,89.6
ALD,105.73242235122635,127.76691309219109,0.0,,,21.8,2.1971e+19,58.9,3.397,2.055,0.00472,92.8
ALD,70.3460126719201,240.43572515509786,400.0,,,40.4,1.55537e+19,40.3,3.351,2.078,0.00531,92.3
ALD,33.71143620539985,186.99328367519024,0.0,,,17.9,3.10064e+19,47.4,3.391,2.086,0.00484,90.5
ALD,147.8364308515689,125.69396183880755,500.0,,,42.4,2.2267e+18,40.0,3.309,2.037,0.00344,95.7
ALD,179.0992403985137,212.24871770473206,600.0,,,47.1,2.5244e+18,40.0,3.306,2.031,0.00659,93.0
ALD,133.50042167193152,258.12369521010385,600.0,,,48.9,4.344e+18,40.0,3.298,2.053,0.0042,91.5
ALD,65.16226946572057,297.9702524285013,400.0,,,44.6,9.1915e+18,40.0,3.368,2.077,0.00322,93.8
ALD,92.9845668716116,149.5948929028412,600.0,,,45.5,6.053e+18,40.0,3.333,2.067,0.00177,95.8
ALD,45.67672543861244,178.3113707483565,600.0,,,45.8,2.6857e+18,40.0,3.336,2.1,0.00382,96.5
ALD,188.04220199473497,196.8996384751406,500.0,,,44.2,1.16595e+19,40.0,3.365,2.019,0.00228,95.0
ALD,57.616167801410214,197.3948983230773,500.0,,,39.2,9.1402e+18,40.0,3.344,2.092,0.00338,94.1
ALD,77.02011964882115,147.1551139548058,300.0,,,30.8,4.3373e+18,40.9,3.311,2.069,0.00423,96.7
ALD,133.10626947627236,165.9609480659534,0.0,,,9.3,1.22218e+19,64.5,3.326,2.012,0.00458,90.5
ALD,149.97400722152958,117.85705061660332,700.0,,,45.9,4.2281e+18,40.0,3.316,2.033,0.00407,91.8
ALD,95.72603857026878,214.44714470165107,700.0,,,57.2,1.8158e+18,40.0,3.295,2.065,0.00181,97.0
Sol-Gel,177.23792972817094,21.672144604426464,600.0,,0.4987050824087803,38.3,5.7642e+18,40.0,3.327,1.668,0.00512,95.5
Sol-Gel,194.80339058034787,24.61231723452345,500.0,,0.49648075006002484,35.3,7.7644e+18,46.5,3.311,1.652,0.00449,94.3
Sol-Gel,247.40448008482258,21.725256575920948,500.0,,0.6489041786975291,33.5,5.4938e+18,40.0,3.322,1.633,0.0048,96.3
Sol-Gel,74.82630301175712,24.55893430322397,600.0,,0.3953613858866135,35.7,7.9795e+18,40.0,3.334,1.752,0.00262,96.1
Sol-Gel,230.2462933198248,24.339263176725815,600.0,,0.36436373883014284,41.8,1.60027e+19,43.9,3.365,1.64,0.00469,93.2
Sol-Gel,248.73827620936441,21.74860861730989,400.0,,0.5972638664373349,30.7,6.0004e+18,40.0,3.343,1.653,0.00426,93.1
Sol-Gel,109.41458517943188,22.805330584407805,300.0,,0.4472056378653641,30.7,1.42196e+19,41.6,3.396,1.696,0.00657,91.2
Sol-Gel,191.03670145292378,21.881310309857394,500.0,,0.4032272571816719,31.7,5.4884e+18,41.5,3.356,1.633,0.00177,94.4
Sol-Gel,251.08363534093863,24.35025467142756,600.0,,0.39296666432026445,40.0,1.37368e+19,40.0,3.37,1.666,0.00491,92.0
Sol-Gel,286.90555843730226,23.45159786765618,700.0,,0.33802448352242287,42.9,9.4131e+18,40.0,3.345,1.623,0.00332,92.4
Sol-Gel,153.2373084607504,23.437176740042574,700.0,,0.4841574630705706,42.0,4.5747e+18,40.0,3.33,1.683,0.00337,92.2
Sol-Gel,88.11167725650114,23.04670384602733,400.0,,0.6001479579914293,35.1,6.0879e+18,42.2,3.346,1.713,0.00233,93.8
Sol-Gel,231.99069577889628,23.12493409015469,500.0,,0.6666555754596937,32.4,1.11833e+19,40.0,3.346,1.654,0.00291,94.2
Sol-Gel,203.53388118324614,23.517441680648062,0.0,,0.4433665763530171,9.9,2.05802e+19,68.6,3.343,1.634,0.00557,89.3
Sol-Gel,173.19868764317025,24.357565829146004,400.0,,0.325910424187722,41.0,4.2081e+18,43.9,3.309,1.692,0.00378,90.3
Sol-Gel,147.8117320460718,21.47055937709852,600.0,,0.3991886505155308,39.5,3.1753e+18,40.0,3.328,1.712,0.00198,92.9
Sol-Gel,57.006864402557795,20.825626510758664,300.0,,0.35628468318263157,25.4,9.9961e+18,49.8,3.337,1.754,0.00651,92.1
Sol-Gel,280.116255079762,21.66515812191471,0.0,,0.4816718900157951,14.6,7.38777e+19,58.1,3.401,1.641,0.00997,88.3
Sol-Gel,145.45012726843743,23.918999094968154,400.0,,0.3140319351004676,26.8,1.67173e+19,46.3,3.352,1.659,0.00347,92.2
Sol-Gel,61.26066145052238,24.28225849331519,300.0,,0.6372025421095813,27.8,2.42888e+19,51.3,3.432,1.772,0.0059,90.6
Sol-Gel,75.85544808050571,22.036566343641724,300.0,,0.5553951335008351,21.6,1.91505e+19,51.1,3.374,1.687,0.00545,94.9
Sol-Gel,197.5031883097935,22.76380998838591,0.0,,0.6491560404596892,10.9,4.73134e+19,67.7,3.392,1.628,0.00843,89.4
Sol-Gel,58.89052311058,23.991771380465703,400.0,,0.7111718358691803,28.6,2.11322e+19,48.3,3.352,1.745,0.00402,93.8
Sol-Gel,241.01166926341585,23.830322413315105,300.0,,0.6996799704552529,31.7,5.7026e+18,40.1,3.345,1.664,0.00387,92.3
Sol-Gel,235.63085062404102,23.874637866842832,700.0,,0.4321841583978242,46.9,6.4327e+18,40.0,3.33,1.631,0.00309,92.3
Sol-Gel,51.21503491132302,22.625097699160598,0.0,,0.3539243474307243,20.2,2.988e+19,50.1,3.409,1.749,0.00554,93.3
Sol-Gel,211.07148684500314,23.298566398305287,0.0,,0.4669866500011418,19.5,2.77107e+19,69.0,3.343,1.626,0.00573,89.0
Sol-Gel,126.59670697429772,20.660037816273,300.0,,0.6884700876173089,23.5,1.40823e+19,40.0,3.336,1.713,0.00479,92.3
Sol-Gel,122.69604378956055,22.625138993247443,600.0,,0.6948965175106496,41.9,1.3157e+18,40.0,3.322,1.71,0.00319,93.2
Sol-Gel,264.05920087477375,20.077735625861298,600.0,,0.5779664271641097,38.0,6.338e+18,40.0,3.336,1.654,0.00365,91.4
Sol-Gel,67.87310528787603,22.278638370740307,300.0,,0.45948551775432833,23.8,5.0447e+18,40.0,3.31,1.757,0.00318,93.4
Sol-Gel,154.25325917619696,20.525332523180566,0.0,,0.5622678562141099,17.5,3.63421e+19,55.0,3.386,1.686,0.00588,89.2
Sol-Gel,288.69465058233163,24.408416850290212,600.0,,0.4102026051953285,45.6,4.1389e+18,40.3,3.306,1.61,0.00293,93.2
Sol-Gel,71.65535702263486,24.189798310064212,300.0,,0.3506425029799201,26.9,9.3326e+18,40.0,3.365,1.746,0.00681,92.9
Sol-Gel,201.85477412182465,22.96875561879981,700.0,,0.3102659685612119,45.7,4.3861e+18,40.0,3.329,1.661,0.00198,96.8
Sol-Gel,114.46223458015594,24.63103524329503,400.0,,0.3145144651975145,32.1,2.6895e+18,40.0,3.326,1.726,0.00156,91.7
Sol-Gel,107.42373840920891,20.64123348974105,400.0,,0.7120116609289042,32.0,7.9206e+18,40.2,3.325,1.707,0.00226,95.9
Sol-Gel,134.34646580043523,23.47312448967022,300.0,,0.5571716876265435,27.8,5.2384e+18,56.6,3.36,1.709,0.00383,94.8
Sol-Gel,228.15265978071662,22.075472573556908,600.0,,0.47690904121087496,35.7,9.9346e+18,42.0,3.336,1.649,0.00344,92.7
Sol-Gel,154.69517730797395,23.546444807114,700.0,,0.6660330330252048,46.8,3.3183e+18,40.0,3.328,1.692,0.00239,94.9
Sol-Gel,228.7017218882856,23.850922764477318,600.0,,0.5613639206571837,37.1,2.954e+18,40.0,3.314,1.675,0.00177,95.6
Sol-Gel,279.7908895381006,24.665610799252846,600.0,,0.3623672426308147,35.1,1.17085e+19,40.0,3.353,1.644,0.00347,91.7
Sol-Gel,278.20968902608325,24.74714737148924,400.0,,0.6145184335638263,30.3,7.3938e+18,41.5,3.315,1.645,0.00213,95.1
Sol-Gel,183.95840828369893,22.70784896226702,0.0,,0.49722104733817635,13.9,1.20041e+19,66.9,3.334,1.667,0.00397,88.3
Sol-Gel,114.07378098783929,24.577466082627666,0.0,,0.5792503016330537,16.2,1.96642e+19,57.8,3.378,1.721,0.00528,91.7
Sol-Gel,207.910752264196,22.127495793858987,500.0,,0.7331500173635869,36.8,6.2541e+18,40.0,3.31,1.665,0.00192,93.7
Sol-Gel,73.09789434174195,23.614541745267744,600.0,,0.32283581277623796,41.0,6.4415e+18,40.0,3.363,1.734,0.00405,93.0
Sol-Gel,135.57562992886312,22.649198834098158,300.0,,0.7217691663312391,23.6,6.16e+18,48.1,3.317,1.71,0.00646,90.9
Sol-Gel,125.74780871724262,24.312778778805388,400.0,,0.38193156373887704,32.5,1.61584e+19,40.0,3.352,1.707,0.00515,92.9
Sol-Gel,288.3072970675427,20.773907349601753,400.0,,0.34641144620913206,31.6,1.05344e+19,40.0,3.336,1.636,0.00232,92.0
Sol-Gel,190.0419467986869,23.795129284236182,500.0,,0.4472452825878449,36.5,1.7915e+19,40.0,3.388,1.686,0.0054,92.5
Sol-Gel,148.00976531823318,24.24596698547953,0.0,,0.659691034010953,9.9,2.94292e+19,44.3,3.371,1.711,0.00559,90.4
Sol-Gel,120.63327263806684,23.60415098926482,0.0,,0.43982758324847715,19.6,1.17793e+19,68.8,3.319,1.726,0.0036,91.9
Sol-Gel,182.31760456204677,20.8172664341107,300.0,,0.322741391307311,29.3,1.99803e+19,45.9,3.375,1.631,0.00559,92.3
Sol-Gel,182.66294393616076,23.214757136591157,500.0,,0.6355333718205045,38.0,6.0295e+18,49.2,3.338,1.691,0.00355,93.3
Sol-Gel,264.745037742946,24.14024200169925,400.0,,0.5825627209281756,31.2,9.3117e+18,46.3,3.369,1.633,0.00572,92.3
Sol-Gel,174.72187810233476,20.87307184646773,700.0,,0.6353288400720206,43.1,1.1041e+18,40.0,3.295,1.674,0.00308,94.8
Sol-Gel,293.75569688131486,24.878026730270086,500.0,,0.6395574345003194,39.1,3.3887e+18,40.0,3.309,1.654,0.00146,95.1
Sol-Gel,62.803294612066225,21.555472323119854,600.0,,0.7236534012825213,34.5,1.26788e+19,40.0,3.346,1.771,0.00646,94.0
Sol-Gel,201.83762684254938,20.844344337324884,300.0,,0.4475875582370956,24.4,2.07918e+19,49.1,3.353,1.675,0.00453,92.3
Sol-Gel,156.0795568162021,23.179610101441284,0.0,,0.6773895116937412,11.6,7.709e+18,50.1,3.356,1.681,0.00402,90.2
Sol-Gel,126.0063023451018,20.121519260966082,600.0,,0.5030845879845298,42.0,6.8275e+18,40.0,3.35,1.709,0.00181,92.6
Sol-Gel,171.87016331527525,23.00222744497069,400.0,,0.5195235435318714,29.6,1.07736e+19,50.9,3.344,1.661,0.00325,91.7
Sol-Gel,299.323324144298,22.144280320964665,0.0,,0.3178349732233077,18.5,4.28641e+19,60.7,3.387,1.632,0.00671,89.0
Sol-Gel,149.46475498202912,24.756314705915763,500.0,,0.6984751120759523,28.3,3.8447e+18,40.5,3.28,1.703,0.00162,92.1
Sol-Gel,285.03657767426876,21.462062579875667,500.0,,0.5863317277560232,41.5,2.5485e+18,40.0,3.332,1.672,0.00357,94.4
Sol-Gel,183.04533344473,22.426094871510415,300.0,,0.47511474931436715,27.5,1.30817e+19,63.5,3.354,1.666,0.0052,90.1
Sol-Gel,148.00162681449524,20.107115537936863,600.0,,0.33188437943189625,43.4,3.84e+18,40.0,3.282,1.722,0.00378,94.1
Sol-Gel,68.08231139420863,22.174718367794622,600.0,,0.41504547212583276,37.7,4.0679e+18,40.0,3.32,1.773,0.00274,93.6
Sol-Gel,72.18441523885974,23.18819746689335,400.0,,0.4595472819709884,34.9,5.1982e+18,40.0,3.334,1.725,0.0035,93.9
Sol-Gel,266.25040264598647,20.87440808779955,300.0,,0.5871367609726494,24.9,2.25778e+19,44.1,3.4,1.658,0.00603,92.5
Sol-Gel,83.36657804076907,21.706896728041233,300.0,,0.6630677314170654,27.3,6.6658e+18,40.0,3.346,1.736,0.00198,95.5
Sol-Gel,122.19393512546746,23.690395870391544,700.0,,0.4673025821562986,38.4,8.1013e+18,40.0,3.369,1.664,0.00284,92.9
Sol-Gel,142.45231561690736,22.095892337943447,400.0,,0.43449234203505493,32.9,1.25444e+19,40.0,3.387,1.712,0.00461,94.5
Sol-Gel,67.6035196115593,21.237271858485467,500.0,,0.3225389141136277,35.7,4.8543e+18,40.0,3.35,1.756,0.00439,93.0
Sol-Gel,101.17464661299647,20.739100893699774,300.0,,0.689779863544491,18.6,1.97821e+19,46.1,3.351,1.724,0.00471,94.7
Sol-Gel,106.2385671430388,20.088967368892906,500.0,,0.3974996594347835,34.8,1.47772e+19,40.0,3.335,1.713,0.00604,91.3
Sol-Gel,156.7725906648699,23.865712975607096,700.0,,0.665352747019206,43.0,5.6564e+18,40.0,3.328,1.677,0.00173,93.8
Sol-Gel,84.27300458991633,22.299319335593225,600.0,,0.6154968340338854,43.0,4.9529e+18,40.0,3.35,1.754,0.00247,94.5
Sol-Gel,202.4763290431777,21.44706137078505,400.0,,0.45547192548387105,28.0,1.38328e+19,45.8,3.366,1.644,0.00463,94.2
Sol-Gel,166.8966750221951,20.438999676648244,300.0,,0.4007253582678488,27.0,7.1684e+18,40.7,3.314,1.687,0.00299,92.9
Sol-Gel,223.13961954556012,23.58012907570001,500.0,,0.356893091957674,40.5,9.3397e+18,40.0,3.361,1.655,0.00461,94.5
Sol-Gel,100.33101736722199,24.343359885269358,500.0,,0.3902220952212858,31.8,1.74261e+19,41.9,3.349,1.743,0.00325,94.4
Sol-Gel,110.5346782770533,21.645126770959013,600.0,,0.6491824795159653,47.3,2.5786e+18,40.0,3.31,1.742,0.00545,95.0
Sol-Gel,164.3758608985333,22.1492740768013,0.0,,0.7362489365387116,13.7,7.5192e+18,50.3,3.361,1.68,0.00302,91.1
Sol-Gel,149.8126141626043,24.785696531684913,600.0,,0.5943175851800944,38.9,8.7243e+18,40.0,3.348,1.687,0.00282,93.7
Sol-Gel,131.22158897237404,21.4065781098707,700.0,,0.412297001971558,38.7,2.7996e+18,40.0,3.308,1.676,0.00341,94.6
Sol-Gel,84.85388672929965,21.93820997075749,300.0,,0.6526329681823508,19.1,8.6599e+18,45.3,3.333,1.706,0.00451,92.8
Sol-Gel,174.56114566925197,22.057751474261952,400.0,,0.5757697240949375,34.6,9.566e+18,44.4,3.349,1.679,0.00313,92.3
Sol-Gel,143.04789414979734,22.992668633106053,400.0,,0.6741462237239653,28.9,6.2336e+18,50.2,3.342,1.7,0.00405,92.2
Sol-Gel,144.76493395817596,21.931272151684198,600.0,,0.5384008455005026,37.2,6.1808e+18,40.0,3.333,1.691,0.00258,91.4
Sol-Gel,248.87446822551385,24.641447986442756,0.0,,0.6187619738239074,17.1,1.19555e+19,52.8,3.337,1.633,0.0056,87.7
Sol-Gel,63.22292234155279,23.901789811460322,0.0,,0.3839829381555767,15.5,1.55752e+19,57.9,3.377,1.717,0.0061,89.7
Sol-Gel,97.82640961370363,21.39571384151583,400.0,,0.3846805889747794,31.2,8.4147e+18,50.6,3.363,1.659,0.00471,92.0
Sol-Gel,289.14813800293695,20.417124095960155,600.0,,0.3377682621840515,33.8,7.9844e+18,40.0,3.319,1.654,0.00272,91.4
Sol-Gel,136.70274258930655,24.486198119929877,300.0,,0.6915972133729613,18.5,8.8642e+18,40.0,3.359,1.642,0.00383,95.7
Sol-Gel,65.62303166651444,23.75950616168368,300.0,,0.5295203465510028,30.1,1.32866e+19,52.0,3.35,1.696,0.00674,90.6
Sol-Gel,107.52204645499104,21.792895835728373,600.0,,0.35860597388432125,39.5,8.1039e+18,43.5,3.34,1.69,0.00354,94.6
Sol-Gel,68.64629645552665,23.323229361122834,0.0,,0.7061309568837947,11.7,2.8624e+19,54.0,3.405,1.748,0.00518,92.5
Sol-Gel,294.00949968859106,20.891611926909857,500.0,,0.5188163110438544,42.9,6.5246e+18,40.0,3.312,1.631,0.00225,91.7
Sol-Gel,126.63327603378178,21.735360452913913,400.0,,0.37717259034068645,29.0,1.89102e+19,50.3,3.366,1.708,0.00393,93.6
Sol-Gel,91.56782826860092,23.55072418507782,400.0,,0.3290520111918538,32.2,5.652e+18,40.2,3.371,1.755,0.00198,93.6
Sol-Gel,75.37556815624868,22.751669669814355,600.0,,0.33708705792165283,48.4,1.02167e+19,40.0,3.383,1.739,0.0026,93.2
Sol-Gel,255.65914486235496,23.107319402343187,400.0,,0.5514765453904258,33.3,1.56348e+19,44.6,3.349,1.664,0.00388,93.5
Sol-Gel,189.80577767766468,22.743589223714658,400.0,,0.4663694475478539,28.6,1.49304e+19,49.7,3.338,1.635,0.00325,94.2
Sol-Gel,275.10507124929836,22.122982006367526,300.0,,0.6774106073038082,22.9,8.3089e+18,40.0,3.368,1.644,0.0023,96.3
Sol-Gel,147.1102770144882,22.383107594619133,600.0,,0.6491464908974263,44.7,9.8441e+18,43.6,3.354,1.65,0.00393,95.5
Sol-Gel,155.5248613821289,23.449885937998054,600.0,,0.5494917190021853,34.8,7.6593e+18,40.0,3.348,1.691,0.00226,92.7
Sol-Gel,180.74484596066435,24.93634506141381,600.0,,0.46261102060834747,43.2,2.9749e+18,40.0,3.288,1.678,0.00268,95.6
Sol-Gel,207.29858489123663,21.125430065114845,0.0,,0.6388633024036614,19.2,1.76067e+19,56.9,3.367,1.679,0.00392,88.2
Sol-Gel,179.3176208683398,24.691473836130314,400.0,,0.6654794852171162,30.5,4.1777e+18,40.0,3.296,1.669,0.00223,92.7
Sol-Gel,112.66264370065957,21.55769195105652,400.0,,0.5152511570194296,34.1,1.09726e+19,50.7,3.348,1.711,0.00632,88.8
Sol-Gel,189.29404032287096,22.596493154572443,500.0,,0.6036148409686568,35.6,1.59636e+19,43.4,3.399,1.638,0.00536,93.9
Sol-Gel,286.3693232936789,21.48674612236823,700.0,,0.6658889538711102,50.0,7.7279e+18,42.7,3.366,1.66,0.00234,93.8
Sol-Gel,189.5440871218801,24.82301489537521,300.0,,0.47210674721301576,27.5,6.2274e+18,40.0,3.368,1.682,0.00402,95.1
Sol-Gel,159.38019120346377,23.450403906526297,500.0,,0.547265305316563,32.5,4.0439e+18,40.0,3.327,1.688,0.00253,95.1
Sol-Gel,68.12319128678541,21.60865703992859,600.0,,0.39587156335794593,41.2,5.1302e+18,43.7,3.345,1.748,0.00292,93.9
Sol-Gel,296.1809974917828,24.119107347506,400.0,,0.49939179345937645,31.5,8.1528e+18,49.5,3.334,1.656,0.00231,93.1
Sol-Gel,55.33805630025558,22.956846927502067,300.0,,0.423753908324035,23.9,1.71418e+19,51.2,3.413,1.746,0.00447,94.0
Sol-Gel,51.78461471406108,22.73273605959198,0.0,,0.3569826214060207,11.9,1.78847e+19,59.0,3.364,1.744,0.00532,90.0
